{
  "dataset": {
    "train_samples": 3850,
    "val_samples": 482,
    "test_samples": 472,
    "num_classes": 23,
    "class_names": [
      "Acer palmatum",
      "Cedrus deodara",
      "Celtis sinensis",
      "Cinnamomum camphora (Linn) Presl",
      "Elaeocarpus decipiens",
      "Flowering cherry",
      "Ginkgo biloba",
      "Koelreuteria paniculata",
      "Lagerstroemia indica",
      "Liquidambar formosana",
      "Liriodendron chinense",
      "Magnolia grandiflora L",
      "Magnolia liliflora Desr",
      "Michelia chapensis",
      "Osmanthus fragrans",
      "Photinia serratifolia",
      "Platanus",
      "Prunus cerasifera f. atropurpurea",
      "Salix babylonica",
      "Sapindus saponaria",
      "Styphnolobium japonicum",
      "Triadica sebifera",
      "Zelkova serrata"
    ]
  },
  "models": {
    "TreeNet (From Scratch)": {
      "accuracy": 0.6652542372881356,
      "precision_macro": 0.7257309977659933,
      "recall_macro": 0.700128908289359,
      "f1_macro": 0.6782537565085056,
      "precision_weighted": 0.7391826494954031,
      "recall_weighted": 0.6652542372881356,
      "f1_weighted": 0.6680395135816002
    },
    "ResNet18 (Transfer)": {
      "accuracy": 0.8199152542372882,
      "precision_macro": 0.8677934589982411,
      "recall_macro": 0.8374498625596046,
      "f1_macro": 0.8368354921368681,
      "precision_weighted": 0.8575776143430767,
      "recall_weighted": 0.8199152542372882,
      "f1_weighted": 0.8216620427862074
    },
    "ResNet50 (Transfer)": {
      "accuracy": 0.8877118644067796,
      "precision_macro": 0.9128185393941649,
      "recall_macro": 0.8953125841825369,
      "f1_macro": 0.8978633165840463,
      "precision_weighted": 0.9033870098532266,
      "recall_weighted": 0.8877118644067796,
      "f1_weighted": 0.889187408191113
    }
  },
  "nbest_analysis": [
    {
      "k": 1,
      "TreeNet (From Scratch)": 66.52542372881356,
      "ResNet18 (Transfer)": 81.99152542372882,
      "ResNet50 (Transfer)": 88.77118644067797,
      "R50_vs_TreeNet": 22.2457627118644,
      "R18_vs_TreeNet": 15.466101694915253,
      "R50_vs_R18": 6.779661016949149
    },
    {
      "k": 2,
      "TreeNet (From Scratch)": 78.17796610169492,
      "ResNet18 (Transfer)": 88.5593220338983,
      "ResNet50 (Transfer)": 93.22033898305084,
      "R50_vs_TreeNet": 15.042372881355917,
      "R18_vs_TreeNet": 10.381355932203377,
      "R50_vs_R18": 4.66101694915254
    },
    {
      "k": 3,
      "TreeNet (From Scratch)": 84.11016949152543,
      "ResNet18 (Transfer)": 91.10169491525424,
      "ResNet50 (Transfer)": 95.12711864406779,
      "R50_vs_TreeNet": 11.016949152542367,
      "R18_vs_TreeNet": 6.991525423728817,
      "R50_vs_R18": 4.02542372881355
    },
    {
      "k": 4,
      "TreeNet (From Scratch)": 86.22881355932203,
      "ResNet18 (Transfer)": 92.79661016949152,
      "ResNet50 (Transfer)": 96.61016949152543,
      "R50_vs_TreeNet": 10.381355932203391,
      "R18_vs_TreeNet": 6.567796610169481,
      "R50_vs_R18": 3.8135593220339103
    },
    {
      "k": 5,
      "TreeNet (From Scratch)": 89.83050847457628,
      "ResNet18 (Transfer)": 93.00847457627118,
      "ResNet50 (Transfer)": 97.45762711864407,
      "R50_vs_TreeNet": 7.627118644067792,
      "R18_vs_TreeNet": 3.1779661016949063,
      "R50_vs_R18": 4.449152542372886
    },
    {
      "k": 6,
      "TreeNet (From Scratch)": 91.3135593220339,
      "ResNet18 (Transfer)": 93.4322033898305,
      "ResNet50 (Transfer)": 98.09322033898306,
      "R50_vs_TreeNet": 6.779661016949163,
      "R18_vs_TreeNet": 2.118644067796609,
      "R50_vs_R18": 4.661016949152554
    },
    {
      "k": 7,
      "TreeNet (From Scratch)": 92.79661016949152,
      "ResNet18 (Transfer)": 94.0677966101695,
      "ResNet50 (Transfer)": 98.51694915254238,
      "R50_vs_TreeNet": 5.7203389830508655,
      "R18_vs_TreeNet": 1.2711864406779796,
      "R50_vs_R18": 4.449152542372886
    },
    {
      "k": 8,
      "TreeNet (From Scratch)": 93.4322033898305,
      "ResNet18 (Transfer)": 94.91525423728814,
      "ResNet50 (Transfer)": 98.9406779661017,
      "R50_vs_TreeNet": 5.5084745762711975,
      "R18_vs_TreeNet": 1.4830508474576334,
      "R50_vs_R18": 4.025423728813564
    },
    {
      "k": 9,
      "TreeNet (From Scratch)": 93.85593220338984,
      "ResNet18 (Transfer)": 94.91525423728814,
      "ResNet50 (Transfer)": 99.36440677966102,
      "R50_vs_TreeNet": 5.508474576271183,
      "R18_vs_TreeNet": 1.0593220338982974,
      "R50_vs_R18": 4.449152542372886
    },
    {
      "k": 10,
      "TreeNet (From Scratch)": 94.70338983050848,
      "ResNet18 (Transfer)": 95.12711864406779,
      "ResNet50 (Transfer)": 99.57627118644068,
      "R50_vs_TreeNet": 4.8728813559321935,
      "R18_vs_TreeNet": 0.4237288135593076,
      "R50_vs_R18": 4.449152542372886
    },
    {
      "k": 11,
      "TreeNet (From Scratch)": 95.33898305084746,
      "ResNet18 (Transfer)": 95.55084745762711,
      "ResNet50 (Transfer)": 99.78813559322035,
      "R50_vs_TreeNet": 4.449152542372886,
      "R18_vs_TreeNet": 0.2118644067796538,
      "R50_vs_R18": 4.237288135593232
    },
    {
      "k": 12,
      "TreeNet (From Scratch)": 95.55084745762711,
      "ResNet18 (Transfer)": 95.76271186440678,
      "ResNet50 (Transfer)": 100.0,
      "R50_vs_TreeNet": 4.449152542372886,
      "R18_vs_TreeNet": 0.211864406779668,
      "R50_vs_R18": 4.237288135593218
    },
    {
      "k": 13,
      "TreeNet (From Scratch)": 95.55084745762711,
      "ResNet18 (Transfer)": 96.61016949152543,
      "ResNet50 (Transfer)": 100.0,
      "R50_vs_TreeNet": 4.449152542372886,
      "R18_vs_TreeNet": 1.0593220338983116,
      "R50_vs_R18": 3.3898305084745743
    },
    {
      "k": 14,
      "TreeNet (From Scratch)": 96.1864406779661,
      "ResNet18 (Transfer)": 97.2457627118644,
      "ResNet50 (Transfer)": 100.0,
      "R50_vs_TreeNet": 3.813559322033896,
      "R18_vs_TreeNet": 1.0593220338982974,
      "R50_vs_R18": 2.7542372881355988
    },
    {
      "k": 15,
      "TreeNet (From Scratch)": 96.39830508474576,
      "ResNet18 (Transfer)": 97.2457627118644,
      "ResNet50 (Transfer)": 100.0,
      "R50_vs_TreeNet": 3.6016949152542423,
      "R18_vs_TreeNet": 0.8474576271186436,
      "R50_vs_R18": 2.7542372881355988
    },
    {
      "k": 16,
      "TreeNet (From Scratch)": 96.61016949152543,
      "ResNet18 (Transfer)": 97.88135593220339,
      "ResNet50 (Transfer)": 100.0,
      "R50_vs_TreeNet": 3.3898305084745743,
      "R18_vs_TreeNet": 1.2711864406779654,
      "R50_vs_R18": 2.118644067796609
    },
    {
      "k": 17,
      "TreeNet (From Scratch)": 97.45762711864407,
      "ResNet18 (Transfer)": 98.30508474576271,
      "ResNet50 (Transfer)": 100.0,
      "R50_vs_TreeNet": 2.5423728813559308,
      "R18_vs_TreeNet": 0.8474576271186436,
      "R50_vs_R18": 1.6949152542372872
    },
    {
      "k": 18,
      "TreeNet (From Scratch)": 98.09322033898306,
      "ResNet18 (Transfer)": 98.72881355932203,
      "ResNet50 (Transfer)": 100.0,
      "R50_vs_TreeNet": 1.906779661016941,
      "R18_vs_TreeNet": 0.6355932203389756,
      "R50_vs_R18": 1.2711864406779654
    },
    {
      "k": 19,
      "TreeNet (From Scratch)": 98.51694915254238,
      "ResNet18 (Transfer)": 98.72881355932203,
      "ResNet50 (Transfer)": 100.0,
      "R50_vs_TreeNet": 1.4830508474576192,
      "R18_vs_TreeNet": 0.2118644067796538,
      "R50_vs_R18": 1.2711864406779654
    },
    {
      "k": 20,
      "TreeNet (From Scratch)": 98.9406779661017,
      "ResNet18 (Transfer)": 99.36440677966102,
      "ResNet50 (Transfer)": 100.0,
      "R50_vs_TreeNet": 1.0593220338982974,
      "R18_vs_TreeNet": 0.4237288135593218,
      "R50_vs_R18": 0.6355932203389756
    },
    {
      "k": 21,
      "TreeNet (From Scratch)": 99.36440677966102,
      "ResNet18 (Transfer)": 99.78813559322035,
      "ResNet50 (Transfer)": 100.0,
      "R50_vs_TreeNet": 0.6355932203389756,
      "R18_vs_TreeNet": 0.4237288135593218,